user_activity,environmental_brightness,screen_brightness,time_of_day,internet_speed, battery_level,images,theme, layout,font_size,reference, readability,informativness
STILL,5,79,17,2,93,withImages,dark-theme,largeCards,small-font,1,1,1
STILL,5,79,17,2,93,withImages,dark-theme,largeCards,small-font,1,1,1
STILL,5,79,17,2,93,withImages,dark-theme,gridView,small-font,1,2,1
STILL,5,79,17,2,92,withImages,dark-theme,gridView,small-font,2,2,1
STILL,5,79,17,2,92,withImages,dark-theme,largeCards,large-font,1,2,1
STILL,5,79,17,2,92,withImages,dark-theme,largeCards,large-font,1,2,1
STILL,5,79,17,2,92,withImages,dark-theme,largeCards,large-font,1,2,1
ON_FOOT,30,4,18,1,94,withImages,light-theme,largeCards,small-font,2,2,2
ON_FOOT,30,4,18,1,94,noImages,light-theme,largeCards,small-font,1,1,2
STILL,8,79,8,2,51,withImages,dark-theme,xLargeCards,small-font,2,2,2
STILL,8,79,8,2,50,withImages,dark-theme,xLargeCards,small-font,2,2,2
STILL,8,79,8,2,50,withImages,dark-theme,gridView,small-font,1,1,1
STILL,206,79,10,2,24,withImages,dark-theme,xLargeCards,small-font,1,2,1
STILL,223,79,10,2,24,withImages,dark-theme,xLargeCards,small-font,1,2,2
STILL,182,79,10,2,23,withImages,light-theme,xLargeCards,large-font,2,2,2
STILL,194,79,12,2,16,withImages,light-theme,xLargeCards,small-font,2,2,2
STILL,97,79,15,2,13,withImages,light-theme,xLargeCards,large-font,2,2,2
STILL,102,79,15,2,13,withImages,light-theme,xLargeCards,large-font,2,2,2
STILL,90,79,15,2,14,withImages,light-theme,xLargeCards,large-font,2,2,2
STILL,0,79,19,2,100,withImages,dark-theme,xLargeCards,small-font,2,2,2
STILL,0,55,20,2,92,withImages,dark-theme,xLargeCards,large-font,-1,0,0
STILL,0,55,20,2,92,withImages,dark-theme,miniCards,small-font,1,1,1
STILL,0,55,20,2,91,withImages,dark-theme,largeCards,large-font,-1,1,-1
ON_FOOT,13,103,0,1,83,withImages,dark-theme,xLargeCards,large-font,2,2,2
ON_FOOT,3,103,0,1,83,withImages,dark-theme,xLargeCards,large-font,2,2,2
ON_FOOT,6,103,0,1,83,withImages,light-theme,largeCards,small-font,2,0,0
ON_FOOT,0,103,1,1,81,withImages,dark-theme,xLargeCards,large-font,2,2,2
ON_FOOT,0,103,1,1,81,withImages,dark-theme,xLargeCards,large-font,2,2,2
STILL,0,103,1,1,80,withImages,dark-theme,largeCards,small-font,1,1,1
STILL,0,103,1,1,79,withImages,dark-theme,largeCards,small-font,1,1,2
STILL,0,103,1,1,79,withImages,dark-theme,xLargeCards,small-font,1,1,1
STILL,222,79,11,2,52,withImages,light-theme,xLargeCards,small-font,2,2,2
STILL,208,79,11,2,52,withImages,light-theme,xLargeCards,small-font,2,2,2
STILL,94,79,11,2,52,noImages,light-theme,xLargeCards,large-font,-2,-2,-2
STILL,70,79,11,2,52,noImages,light-theme,xLargeCards,large-font,-2,-2,-1
STILL,70,79,11,2,52,withImages,light-theme,xLargeCards,large-font,0,1,0
ON_FOOT,12075,103,12,1,32,withImages,light-theme,miniCards,small-font,2,2,2
STILL,1,125,13,2,87,withImages,dark-theme,miniCards,large-font,1,1,2
STILL,26,103,14,1,18,withImages,light-theme,largeCards,small-font,2,2,2
STILL,26,103,14,1,17,withImages,light-theme,largeCards,small-font,2,2,2
STILL,26,103,14,1,17,withImages,light-theme,largeCards,large-font,2,2,2
STILL,24,103,14,1,17,withImages,light-theme,miniCards,large-font,1,2,0
STILL,26,103,14,1,17,withImages,light-theme,miniCards,large-font,2,1,0
STILL,12,125,15,1,83,withImages,dark-theme,xLargeCards,large-font,1,1,2
STILL,11,125,15,1,83,withImages,light-theme,miniCards,large-font,2,2,1
STILL,7,125,15,1,81,withImages,light-theme,gridView,small-font,1,0,1
STILL,0,125,15,1,77,withImages,dark-theme,xLargeCards,large-font,1,1,1
STILL,0,125,15,1,76,withImages,light-theme,miniCards,large-font,2,2,2
STILL,0,125,15,1,75,withImages,light-theme,miniCards,large-font,2,2,2
STILL,3,125,16,1,71,withImages,dark-theme,xLargeCards,large-font,1,1,1
STILL,4,125,16,1,71,withImages,dark-theme,miniCards,large-font,2,2,2
STILL,51,230,16,0,19,withImages,dark-theme,xLargeCards,small-font,2,1,2
IN_VEHICLE,19,137,17,2,96,withImages,light-theme,largeCards,large-font,2,1,2
IN_VEHICLE,19,137,17,2,95,withImages,light-theme,gridView,small-font,-1,-2,-1
ON_FOOT,13,137,17,2,95,withImages,light-theme,miniCards,large-font,1,1,1
IN_VEHICLE,13,137,17,2,95,withImages,light-theme,xLargeCards,large-font,-1,0,0
STILL,17,103,17,1,62,withImages,light-theme,largeCards,large-font,2,2,2
STILL,16,103,17,1,62,withImages,light-theme,largeCards,large-font,2,2,2
STILL,15,103,17,1,62,withImages,light-theme,miniCards,small-font,1,0,1
STILL,22,103,17,1,61,withImages,light-theme,gridView,small-font,1,-1,-1
STILL,69,125,18,1,65,withImages,light-theme,largeCards,large-font,1,2,2
STILL,104,230,18,1,16,withImages,dark-theme,xLargeCards,large-font,2,2,1
ON_FOOT,0,125,18,2,61,withImages,light-theme,gridView,small-font,-1,1,2
ON_FOOT,0,125,18,2,60,withImages,dark-theme,xLargeCards,large-font,2,1,2
ON_FOOT,19,137,18,2,82,withImages,light-theme,largeCards,small-font,-1,-1,-2
IN_VEHICLE,13,137,18,2,81,withImages,light-theme,gridView,small-font,0,-2,-2
IN_VEHICLE,13,137,18,2,81,withImages,light-theme,miniCards,small-font,1,0,-1
IN_VEHICLE,6,137,18,2,80,withImages,light-theme,xLargeCards,small-font,0,1,-1
STILL,0,125,23,2,55,withImages,light-theme,miniCards,large-font,1,2,2
STILL,0,125,23,1,55,withImages,light-theme,miniCards,large-font,1,1,1
STILL,0,125,23,1,54,withImages,light-theme,xLargeCards,small-font,-1,-1,1
STILL,0,125,23,2,54,withImages,dark-theme,xLargeCards,large-font,2,1,2
STILL,0,103,2,1,44,withImages,dark-theme,miniCards,small-font,1,1,1
STILL,0,103,2,1,44,withImages,dark-theme,miniCards,small-font,1,1,2
STILL,0,103,2,1,43,withImages,dark-theme,gridView,small-font,-1,-1,0
STILL,0,103,2,2,43,withImages,dark-theme,miniCards,large-font,1,2,2
STILL,0,103,2,2,42,withImages,dark-theme,gridView,small-font,-1,-1,-1
STILL,0,103,2,2,42,withImages,dark-theme,xLargeCards,small-font,2,2,1
STILL,0,103,2,1,42,withImages,dark-theme,xLargeCards,small-font,2,2,2
STILL,8,79,9,2,31,withImages,light-theme,gridView,small-font,1,2,2
STILL,8,79,9,2,31,withImages,light-theme,gridView,small-font,2,1,2
STILL,41,78,10,2,93,withImages,dark-theme,miniCards,small-font,1,2,2
STILL,4,125,11,1,45,noImages,light-theme,largeCards,small-font,-1,0,1
STILL,4,125,11,1,45,withImages,light-theme,largeCards,large-font,2,2,2
STILL,51,230,16,1,99,withImages,light-theme,largeCards,small-font,2,1,1
STILL,32,230,16,1,98,withImages,light-theme,largeCards,large-font,2,2,2
STILL,21,230,16,1,97,withImages,dark-theme,largeCards,large-font,2,2,1
STILL,53,103,16,1,98,withImages,light-theme,largeCards,small-font,2,2,2
STILL,55,103,16,1,97,withImages,light-theme,largeCards,small-font,2,2,2
STILL,55,103,16,1,97,withImages,light-theme,gridView,small-font,0,-1,-1
STILL,53,103,16,1,97,withImages,light-theme,miniCards,small-font,1,2,2
STILL,53,103,16,2,97,withImages,light-theme,miniCards,small-font,1,1,1
STILL,2,103,17,2,88,withImages,dark-theme,miniCards,small-font,1,2,2
STILL,2,103,17,1,88,withImages,dark-theme,miniCards,small-font,1,2,2
STILL,14,230,19,1,94,withImages,light-theme,xLargeCards,large-font,2,1,2
STILL,65,125,20,1,94,withImages,dark-theme,gridView,small-font,-1,-1,1
STILL,38,125,21,1,92,withImages,dark-theme,largeCards,large-font,1,1,2
STILL,62,125,21,1,84,withImages,light-theme,miniCards,large-font,1,1,1
STILL,15,103,1,1,57,withImages,light-theme,miniCards,small-font,1,1,1
STILL,14,103,1,1,57,withImages,light-theme,miniCards,large-font,1,2,2
STILL,16,103,1,1,57,withImages,light-theme,xLargeCards,large-font,2,2,2
STILL,17,103,1,1,56,withImages,light-theme,xLargeCards,large-font,2,2,2
STILL,27,103,1,1,56,withImages,light-theme,largeCards,small-font,1,1,1
STILL,17,103,1,1,56,withImages,light-theme,largeCards,small-font,1,1,1
STILL,0,103,1,1,55,withImages,dark-theme,xLargeCards,small-font,2,1,1
STILL,0,103,1,1,55,withImages,dark-theme,xLargeCards,large-font,2,2,1
STILL,0,103,1,1,55,withImages,dark-theme,miniCards,large-font,1,1,2
STILL,0,103,1,2,55,withImages,dark-theme,miniCards,large-font,2,2,1
STILL,9,230,5,1,88,withImages,dark-theme,largeCards,large-font,1,1,2
STILL,26,230,5,1,88,withImages,dark-theme,largeCards,large-font,1,2,1
STILL,15,230,5,1,88,withImages,light-theme,xLargeCards,small-font,2,2,2
STILL,14,230,5,0,87,withImages,light-theme,xLargeCards,small-font,1,1,2
STILL,11,230,5,1,87,withImages,light-theme,xLargeCards,large-font,2,2,1
STILL,16,230,5,1,87,withImages,light-theme,xLargeCards,large-font,2,2,2
STILL,13,230,5,1,86,withImages,dark-theme,largeCards,large-font,2,2,2
STILL,12,79,9,2,55,withImages,light-theme,largeCards,small-font,1,2,2
STILL,10,79,9,2,55,withImages,light-theme,gridView,small-font,-1,0,0
STILL,13,79,9,2,55,withImages,light-theme,gridView,small-font,-1,-1,0
STILL,8,79,9,2,55,withImages,light-theme,gridView,small-font,-1,0,0
STILL,30,9,9,1,83,withImages,light-theme,largeCards,large-font,2,2,2
STILL,2,125,10,1,69,withImages,dark-theme,xLargeCards,large-font,1,1,2
ON_FOOT,2,125,10,1,69,withImages,dark-theme,xLargeCards,large-font,2,2,2
STILL,0,103,10,1,42,withImages,dark-theme,largeCards,large-font,2,2,1
STILL,0,103,10,1,42,withImages,dark-theme,largeCards,large-font,2,2,2
STILL,0,103,10,2,41,withImages,dark-theme,miniCards,large-font,1,1,2
STILL,0,103,10,2,41,withImages,dark-theme,miniCards,large-font,1,2,2
STILL,0,103,10,1,41,withImages,dark-theme,largeCards,small-font,1,2,2
STILL,0,103,10,2,41,withImages,dark-theme,largeCards,small-font,1,2,2
STILL,0,103,10,2,41,withImages,dark-theme,largeCards,large-font,2,2,1
STILL,3,125,10,1,67,withImages,light-theme,largeCards,large-font,2,2,2
STILL,2,125,10,1,67,withImages,light-theme,largeCards,large-font,2,2,2
STILL,3,125,10,1,64,withImages,dark-theme,largeCards,large-font,2,2,2
STILL,7,103,11,1,20,withImages,light-theme,largeCards,small-font,2,1,2
IN_VEHICLE,74,79,13,2,57,withImages,light-theme,largeCards,small-font,1,1,1
ON_FOOT,313,79,13,2,57,withImages,light-theme,largeCards,small-font,1,1,2
ON_FOOT,361,79,13,2,56,withImages,dark-theme,miniCards,large-font,-1,-2,-1
ON_FOOT,334,79,13,2,56,withImages,dark-theme,miniCards,large-font,-2,0,-1
ON_FOOT,304,79,13,2,56,withImages,light-theme,miniCards,large-font,0,0,1
STILL,392,79,13,2,56,withImages,light-theme,miniCards,large-font,0,0,1
IN_VEHICLE,156,79,13,2,56,noImages,dark-theme,largeCards,small-font,-2,-2,-1
STILL,222,79,13,2,56,noImages,dark-theme,largeCards,small-font,-2,-1,-1
ON_FOOT,335,79,13,2,56,withImages,dark-theme,xLargeCards,large-font,1,1,1
ON_FOOT,153,79,13,2,56,withImages,dark-theme,xLargeCards,large-font,0,0,1
ON_FOOT,147,79,13,2,56,noImages,light-theme,xLargeCards,large-font,-2,-2,-2
IN_VEHICLE,116,79,13,2,56,noImages,light-theme,xLargeCards,large-font,-2,-2,-2
IN_VEHICLE,155,79,13,2,55,withImages,light-theme,largeCards,small-font,0,0,0
IN_VEHICLE,324,79,13,2,55,withImages,light-theme,largeCards,small-font,0,0,1
ON_FOOT,7960,103,13,1,57,withImages,light-theme,largeCards,small-font,2,0,0
IN_VEHICLE,111,79,13,2,55,noImages,dark-theme,xLargeCards,small-font,-2,-1,-2
STILL,109,79,13,2,55,noImages,dark-theme,xLargeCards,small-font,-2,-2,-2
ON_FOOT,74,79,13,2,55,withImages,dark-theme,miniCards,small-font,-1,0,0
ON_FOOT,7375,103,13,1,57,withImages,light-theme,xLargeCards,small-font,2,2,2
IN_VEHICLE,206,79,13,2,55,withImages,dark-theme,miniCards,small-font,0,0,-1
IN_VEHICLE,111,79,13,2,55,withImages,light-theme,largeCards,small-font,1,1,1
ON_FOOT,355,103,13,1,57,withImages,light-theme,xLargeCards,small-font,2,2,2
ON_FOOT,217,79,13,2,55,withImages,light-theme,largeCards,small-font,1,1,1
STILL,421,103,13,1,56,withImages,light-theme,largeCards,small-font,2,2,2
IN_VEHICLE,101,79,13,2,55,noImages,light-theme,xLargeCards,small-font,-1,-1,-1
STILL,394,103,13,1,56,withImages,light-theme,largeCards,small-font,2,2,1
ON_FOOT,515,103,13,1,56,withImages,light-theme,largeCards,small-font,2,2,2
STILL,564,103,13,1,56,withImages,light-theme,xLargeCards,small-font,2,1,1
STILL,418,103,13,1,56,withImages,light-theme,xLargeCards,small-font,1,1,1
STILL,376,103,13,1,56,noImages,light-theme,largeCards,large-font,1,1,1
ON_FOOT,450,103,13,1,55,withImages,light-theme,largeCards,large-font,2,2,2
STILL,5653,135,14,2,52,withImages,light-theme,largeCards,small-font,1,2,2
STILL,12918,135,15,2,51,withImages,light-theme,largeCards,small-font,2,2,2
STILL,2715,103,15,0,43,withImages,light-theme,largeCards,small-font,2,1,1
STILL,17,125,15,1,45,withImages,dark-theme,largeCards,large-font,2,2,2
ON_FOOT,757,103,17,1,33,withImages,light-theme,xLargeCards,small-font,2,2,2
ON_FOOT,765,103,17,1,32,withImages,light-theme,xLargeCards,small-font,2,2,2
STILL,6,135,17,2,43,withImages,dark-theme,largeCards,small-font,0,0,0
STILL,4,135,17,2,43,withImages,dark-theme,largeCards,small-font,0,1,1
STILL,5,135,17,2,43,withImages,dark-theme,miniCards,large-font,1,1,0
STILL,3,103,17,1,26,withImages,dark-theme,miniCards,large-font,1,2,2
STILL,566,103,18,1,22,withImages,light-theme,xLargeCards,small-font,2,2,2
IN_VEHICLE,662,103,18,1,22,withImages,light-theme,xLargeCards,small-font,2,2,2
IN_VEHICLE,704,103,18,1,21,withImages,light-theme,xLargeCards,small-font,2,2,2
ON_FOOT,10,103,18,1,20,withImages,dark-theme,xLargeCards,small-font,2,2,2
ON_FOOT,0,103,18,1,20,withImages,dark-theme,xLargeCards,small-font,2,2,2
STILL,0,230,19,1,96,withImages,dark-theme,xLargeCards,large-font,2,1,2
STILL,57,230,19,1,96,withImages,dark-theme,xLargeCards,large-font,2,1,1
ON_FOOT,13,230,19,1,95,noImages,light-theme,xLargeCards,large-font,2,2,2
STILL,285,32,21,2,73,noImages,light-theme,largeCards,small-font,2,2,2
STILL,270,32,21,2,73,withImages,dark-theme,miniCards,large-font,2,2,2
STILL,255,32,21,2,72,withImages,dark-theme,miniCards,large-font,2,2,2
STILL,110,32,21,1,71,withImages,dark-theme,largeCards,large-font,2,2,2
STILL,285,32,21,2,71,withImages,dark-theme,xLargeCards,large-font,2,2,2
STILL,181,32,21,2,71,withImages,dark-theme,largeCards,large-font,2,2,2
STILL,240,32,21,2,71,withImages,dark-theme,largeCards,large-font,-2,-2,-2
STILL,240,32,21,2,71,withImages,dark-theme,xLargeCards,small-font,-2,-2,-2
STILL,92,125,23,1,49,withImages,light-theme,largeCards,large-font,2,2,2
STILL,60,125,23,1,49,withImages,light-theme,miniCards,large-font,2,1,1
ON_FOOT,0,103,0,1,36,withImages,dark-theme,xLargeCards,large-font,2,2,2
ON_FOOT,0,103,0,1,36,withImages,dark-theme,xLargeCards,large-font,2,2,1
STILL,20,230,4,1,92,withImages,dark-theme,xLargeCards,large-font,1,2,2
STILL,19,230,4,1,91,withImages,dark-theme,xLargeCards,large-font,2,2,2
STILL,48,230,8,1,87,withImages,dark-theme,miniCards,small-font,2,1,2
STILL,81,230,8,1,87,withImages,dark-theme,miniCards,small-font,1,1,1
STILL,21,230,8,1,81,noImages,light-theme,xLargeCards,large-font,2,2,1
STILL,39,230,9,1,76,withImages,dark-theme,miniCards,small-font,2,2,2
STILL,0,103,10,2,20,withImages,dark-theme,largeCards,large-font,2,2,2
STILL,0,103,10,2,19,withImages,dark-theme,largeCards,large-font,2,2,2
STILL,0,103,10,1,18,withImages,dark-theme,largeCards,small-font,2,2,2
STILL,0,103,10,1,18,withImages,dark-theme,largeCards,small-font,2,2,2
STILL,0,103,10,1,18,withImages,dark-theme,largeCards,small-font,2,2,2
STILL,0,103,10,2,18,withImages,dark-theme,largeCards,small-font,2,2,2
STILL,75,230,12,0,61,withImages,dark-theme,largeCards,large-font,1,1,1
STILL,75,230,12,0,61,withImages,dark-theme,largeCards,large-font,2,2,1
STILL,75,230,12,0,60,noImages,dark-theme,largeCards,large-font,1,1,2
STILL,71,230,12,0,60,noImages,dark-theme,largeCards,large-font,2,2,2
STILL,20,125,14,2,70,withImages,light-theme,miniCards,large-font,2,1,1
STILL,2,125,15,1,63,withImages,light-theme,xLargeCards,large-font,2,2,2
ON_FOOT,1,125,15,1,61,withImages,light-theme,xLargeCards,large-font,1,1,1
ON_FOOT,62,125,22,1,35,withImages,dark-theme,miniCards,large-font,2,2,2
ON_FOOT,2,125,12,1,61,withImages,light-theme,miniCards,large-font,2,2,2
ON_FOOT,1,125,15,1,46,withImages,light-theme,miniCards,large-font,2,2,2
STILL,50,125,18,2,36,noImages,light-theme,largeCards,large-font,0,1,1
STILL,184,125,18,2,33,withImages,light-theme,xLargeCards,large-font,2,1,2
STILL,154,125,18,1,33,withImages,light-theme,xLargeCards,large-font,1,2,2
ON_FOOT,115,125,18,1,33,withImages,dark-theme,gridView,small-font,2,2,2
STILL,179,125,18,1,32,withImages,dark-theme,xLargeCards,small-font,1,1,1
STILL,0,135,1,1,67,withImages,dark-theme,largeCards,large-font,2,2,2
STILL,0,135,1,1,67,withImages,dark-theme,largeCards,large-font,2,2,2
STILL,0,135,1,1,67,withImages,dark-theme,largeCards,small-font,2,2,2
STILL,0,135,1,1,67,withImages,dark-theme,largeCards,large-font,2,2,2
STILL,151,230,4,1,62,noImages,dark-theme,xLargeCards,large-font,2,1,2
STILL,150,230,4,1,62,noImages,dark-theme,xLargeCards,large-font,2,1,1
STILL,10,230,4,1,62,withImages,dark-theme,miniCards,large-font,2,1,2
STILL,29,230,4,1,62,withImages,dark-theme,miniCards,large-font,1,1,1
STILL,144,230,4,0,60,noImages,light-theme,largeCards,large-font,2,2,2
STILL,8,125,13,1,63,noImages,light-theme,xLargeCards,large-font,-1,-1,-1
STILL,7,125,13,1,63,noImages,light-theme,xLargeCards,large-font,-1,-1,-1
STILL,8,125,13,1,58,noImages,light-theme,xLargeCards,small-font,-1,-1,-1
ON_FOOT,623,146,17,2,72,withImages,light-theme,xLargeCards,small-font,0,-1,-2
IN_VEHICLE,603,146,17,2,72,withImages,light-theme,miniCards,small-font,0,0,0
IN_VEHICLE,444,146,17,2,72,noImages,light-theme,xLargeCards,small-font,-2,-2,-2
ON_FOOT,378,146,17,2,72,withImages,dark-theme,largeCards,large-font,2,2,2
IN_VEHICLE,451,146,17,2,72,withImages,dark-theme,gridView,small-font,2,1,1
IN_VEHICLE,285,146,17,2,72,withImages,dark-theme,miniCards,large-font,1,1,0
IN_VEHICLE,258,146,17,2,72,withImages,dark-theme,xLargeCards,large-font,-1,0,-1
ON_FOOT,139,146,17,2,72,withImages,dark-theme,largeCards,small-font,1,-1,1
IN_VEHICLE,265,146,17,2,72,withImages,dark-theme,miniCards,small-font,0,-1,1
ON_FOOT,305,146,17,2,72,withImages,dark-theme,xLargeCards,small-font,-1,-1,-1
IN_VEHICLE,26,146,18,2,67,withImages,light-theme,miniCards,small-font,1,-1,0
STILL,33,146,18,2,67,withImages,light-theme,xLargeCards,small-font,-1,-1,-1
ON_FOOT,0,146,18,2,67,withImages,dark-theme,largeCards,large-font,1,1,1
ON_FOOT,0,146,18,2,67,withImages,dark-theme,miniCards,large-font,2,1,2
ON_FOOT,6,146,18,2,66,withImages,dark-theme,xLargeCards,large-font,0,0,-1
ON_FOOT,6,146,18,2,66,noImages,dark-theme,xLargeCards,large-font,-1,1,-1
IN_VEHICLE,0,146,18,2,66,noImages,dark-theme,largeCards,large-font,-1,1,0
ON_FOOT,0,146,18,2,66,withImages,light-theme,largeCards,large-font,1,1,1
ON_FOOT,0,146,18,2,65,withImages,light-theme,gridView,small-font,0,1,0
IN_VEHICLE,0,146,18,2,65,withImages,light-theme,xLargeCards,large-font,-1,1,-1
IN_VEHICLE,0,146,18,2,65,withImages,dark-theme,xLargeCards,large-font,0,1,-1
STILL,0,125,3,1,45,noImages,light-theme,largeCards,small-font,-2,-1,-1
STILL,0,125,3,1,45,withImages,light-theme,largeCards,large-font,2,2,2
STILL,0,135,10,1,82,withImages,dark-theme,largeCards,large-font,2,2,2
STILL,0,135,10,1,81,withImages,dark-theme,largeCards,large-font,2,2,2
STILL,0,135,10,1,81,withImages,dark-theme,largeCards,large-font,2,2,2
STILL,0,135,10,1,81,withImages,dark-theme,largeCards,large-font,2,2,2
STILL,0,135,10,1,81,withImages,dark-theme,largeCards,small-font,2,2,2
STILL,0,135,10,1,81,withImages,dark-theme,largeCards,small-font,2,2,2
ON_FOOT,9365,135,12,1,63,withImages,light-theme,xLargeCards,small-font,2,2,2
ON_FOOT,5189,135,12,1,63,withImages,light-theme,xLargeCards,small-font,2,2,2
STILL,6390,135,12,1,62,withImages,light-theme,xLargeCards,large-font,2,2,2
ON_FOOT,11763,135,12,1,62,withImages,light-theme,xLargeCards,large-font,2,2,2
ON_FOOT,6274,135,12,1,61,withImages,light-theme,xLargeCards,large-font,2,2,2
ON_FOOT,9403,135,12,1,61,withImages,light-theme,xLargeCards,large-font,2,2,2
ON_FOOT,12858,135,12,1,61,withImages,light-theme,xLargeCards,small-font,2,2,2
STILL,75,62,13,2,71,noImages,light-theme,largeCards,large-font,-1,-1,-1
STILL,81,62,13,2,71,withImages,light-theme,largeCards,large-font,2,2,2
STILL,85,62,13,2,70,withImages,light-theme,largeCards,large-font,2,2,2
STILL,60,133,13,2,14,withImages,light-theme,miniCards,small-font,2,2,2
STILL,80,62,13,2,70,withImages,light-theme,xLargeCards,small-font,2,2,2
STILL,20,0,16,2,93,withImages,dark-theme,miniCards,small-font,0,1,1
STILL,11,0,16,2,93,withImages,light-theme,xLargeCards,small-font,1,1,1
STILL,7,0,16,2,93,withImages,dark-theme,largeCards,small-font,1,0,0
STILL,7,0,16,2,93,withImages,dark-theme,largeCards,small-font,0,0,0
STILL,8,0,16,2,94,withImages,dark-theme,largeCards,small-font,0,0,0
STILL,8,0,16,2,94,withImages,dark-theme,xLargeCards,large-font,1,0,0
STILL,8,0,16,2,94,withImages,dark-theme,xLargeCards,small-font,1,1,0
STILL,0,0,17,2,96,withImages,dark-theme,xLargeCards,large-font,2,2,2
STILL,0,0,17,2,96,withImages,dark-theme,xLargeCards,large-font,2,2,2
STILL,0,0,18,2,95,withImages,light-theme,largeCards,small-font,2,1,1
STILL,0,0,20,2,88,withImages,light-theme,miniCards,small-font,-1,-1,-1
STILL,0,0,20,2,80,withImages,dark-theme,largeCards,small-font,1,1,2
STILL,0,119,0,2,68,withImages,dark-theme,miniCards,large-font,1,2,1
STILL,0,119,0,2,68,withImages,dark-theme,miniCards,large-font,1,1,1
STILL,0,103,2,1,56,withImages,dark-theme,xLargeCards,large-font,2,2,2
STILL,0,103,2,1,56,withImages,dark-theme,xLargeCards,small-font,2,2,2
STILL,0,103,2,1,55,withImages,dark-theme,largeCards,large-font,2,1,1
STILL,0,103,9,1,47,withImages,dark-theme,xLargeCards,large-font,2,2,2
STILL,0,103,9,1,47,withImages,dark-theme,largeCards,large-font,1,1,1
STILL,0,103,9,1,47,withImages,dark-theme,largeCards,large-font,1,2,2
STILL,0,103,9,1,47,withImages,dark-theme,largeCards,small-font,1,1,1
STILL,0,103,9,1,47,withImages,dark-theme,gridView,small-font,0,-1,1
STILL,6,45,18,2,91,withImages,dark-theme,miniCards,small-font,1,1,1
STILL,0,45,18,2,91,withImages,dark-theme,xLargeCards,small-font,-1,0,-2
STILL,6,45,18,2,91,withImages,dark-theme,largeCards,large-font,-1,1,1
STILL,0,61,19,2,78,withImages,dark-theme,xLargeCards,small-font,1,1,1
STILL,0,61,19,2,78,withImages,dark-theme,xLargeCards,small-font,1,2,1
IN_VEHICLE,0,167,21,2,83,withImages,light-theme,miniCards,large-font,2,1,2
IN_VEHICLE,0,167,21,2,82,withImages,light-theme,largeCards,large-font,2,2,2
IN_VEHICLE,0,167,21,2,82,withImages,light-theme,gridView,small-font,1,1,0
STILL,147,62,15,2,84,withImages,light-theme,xLargeCards,large-font,1,1,2
STILL,438,135,15,2,66,withImages,light-theme,largeCards,small-font,2,2,2
STILL,389,135,16,1,66,withImages,light-theme,largeCards,small-font,2,2,2
STILL,1,133,17,1,41,withImages,dark-theme,largeCards,large-font,0,1,-1
STILL,0,135,17,1,53,withImages,dark-theme,largeCards,large-font,2,2,2
ON_FOOT,0,135,18,1,49,withImages,dark-theme,xLargeCards,large-font,2,2,2
ON_FOOT,16,135,19,1,49,withImages,dark-theme,xLargeCards,large-font,2,2,2
STILL,1,135,19,1,48,withImages,dark-theme,xLargeCards,large-font,2,2,2
ON_FOOT,0,135,19,1,48,withImages,dark-theme,xLargeCards,large-font,2,2,2
ON_FOOT,2,135,19,1,48,withImages,dark-theme,xLargeCards,large-font,2,2,2
ON_FOOT,8,135,19,1,48,withImages,dark-theme,xLargeCards,large-font,2,2,2
STILL,69,125,2,1,52,withImages,dark-theme,largeCards,large-font,1,1,1
ON_FOOT,79,125,2,1,46,withImages,dark-theme,largeCards,large-font,2,2,2
ON_FOOT,77,125,2,1,46,withImages,light-theme,miniCards,large-font,1,1,1
STILL,0,135,11,1,47,withImages,dark-theme,largeCards,small-font,2,2,2
STILL,0,135,11,1,47,withImages,dark-theme,largeCards,small-font,2,2,2
STILL,0,135,11,1,46,withImages,dark-theme,largeCards,small-font,2,2,2
STILL,0,135,11,1,46,withImages,dark-theme,largeCards,small-font,2,2,2
STILL,0,135,11,1,46,withImages,dark-theme,largeCards,small-font,2,2,2
STILL,0,135,11,1,46,withImages,dark-theme,largeCards,small-font,2,2,2
STILL,117,230,15,0,43,noImages,light-theme,xLargeCards,large-font,1,2,2
STILL,317,230,15,1,43,noImages,light-theme,xLargeCards,large-font,2,2,1
STILL,143,230,15,1,43,withImages,light-theme,gridView,small-font,1,2,1
STILL,145,230,15,0,42,withImages,light-theme,gridView,small-font,2,1,2
STILL,83,125,1,1,44,noImages,dark-theme,largeCards,large-font,1,1,1
STILL,111,230,4,1,97,noImages,dark-theme,largeCards,small-font,1,2,1
STILL,1,230,4,1,97,noImages,dark-theme,largeCards,small-font,1,1,1
STILL,275,230,15,1,76,noImages,dark-theme,largeCards,small-font,-1,-1,0
STILL,365,230,15,1,71,noImages,dark-theme,largeCards,small-font,-1,-1,1
STILL,379,230,15,1,71,withImages,light-theme,gridView,small-font,0,0,1
ON_FOOT,9,125,16,1,96,noImages,light-theme,xLargeCards,small-font,1,1,1
STILL,9,125,16,1,96,noImages,light-theme,xLargeCards,small-font,1,1,1
STILL,73,230,20,1,56,withImages,light-theme,gridView,small-font,1,0,2
STILL,82,230,20,1,55,withImages,light-theme,gridView,small-font,1,0,1
STILL,83,230,22,1,53,withImages,light-theme,miniCards,large-font,-1,1,-1
STILL,70,230,22,1,53,withImages,light-theme,miniCards,large-font,0,0,1
STILL,16,230,22,0,53,noImages,light-theme,largeCards,small-font,1,2,1
STILL,16,230,22,1,53,noImages,light-theme,largeCards,small-font,0,1,1
STILL,16,230,22,1,53,withImages,light-theme,largeCards,small-font,1,0,0
STILL,0,125,2,1,58,withImages,light-theme,largeCards,large-font,2,2,2
STILL,0,125,2,1,57,withImages,light-theme,largeCards,large-font,2,2,2
STILL,1,230,7,0,48,noImages,dark-theme,largeCards,small-font,2,1,1
STILL,3,230,7,0,48,noImages,dark-theme,largeCards,small-font,2,1,1
STILL,6,230,7,0,48,noImages,dark-theme,largeCards,large-font,2,1,2
STILL,0,135,10,1,58,withImages,dark-theme,largeCards,small-font,2,2,2
STILL,0,135,10,1,57,withImages,dark-theme,largeCards,small-font,2,2,2
STILL,0,135,10,1,57,withImages,dark-theme,largeCards,small-font,2,2,2
STILL,0,135,10,1,57,withImages,dark-theme,largeCards,small-font,2,2,2
STILL,0,135,10,1,57,withImages,dark-theme,largeCards,large-font,2,2,2
STILL,0,135,10,1,57,withImages,dark-theme,largeCards,large-font,2,2,2
STILL,102,219,11,1,60,withImages,dark-theme,largeCards,small-font,2,2,2
STILL,86,219,11,1,60,withImages,dark-theme,largeCards,small-font,2,2,2
STILL,86,219,11,1,60,withImages,dark-theme,largeCards,large-font,2,2,1
STILL,9,135,12,0,41,withImages,light-theme,miniCards,small-font,2,2,2
STILL,9,135,12,0,41,withImages,light-theme,miniCards,small-font,2,2,2
STILL,75,35,12,2,30,withImages,light-theme,xLargeCards,large-font,2,2,2
STILL,77,35,12,2,30,withImages,light-theme,xLargeCards,large-font,2,2,2
STILL,59,35,12,2,29,withImages,light-theme,largeCards,large-font,2,2,2
STILL,108,35,12,2,28,withImages,light-theme,largeCards,large-font,2,2,2
STILL,66,35,12,2,28,withImages,light-theme,gridView,small-font,0,0,-1
STILL,50,230,12,1,99,withImages,dark-theme,xLargeCards,large-font,1,2,1
STILL,49,230,12,1,99,withImages,dark-theme,xLargeCards,large-font,1,1,1
STILL,68,35,13,2,65,withImages,dark-theme,xLargeCards,large-font,0,1,1
IN_VEHICLE,58,35,13,2,65,withImages,light-theme,xLargeCards,large-font,2,1,2
IN_VEHICLE,95,35,13,2,65,withImages,light-theme,xLargeCards,large-font,1,2,2
IN_VEHICLE,94,35,13,2,65,withImages,light-theme,gridView,small-font,0,0,-1
IN_VEHICLE,69,35,13,2,65,withImages,light-theme,gridView,small-font,1,-1,0
IN_VEHICLE,92,35,13,2,65,noImages,dark-theme,largeCards,small-font,-2,-2,-1
ON_FOOT,73,35,13,2,65,noImages,dark-theme,largeCards,small-font,-2,-2,-2
ON_FOOT,92,35,13,2,65,noImages,dark-theme,largeCards,small-font,-2,-2,-2
ON_FOOT,78,35,13,2,65,noImages,dark-theme,largeCards,large-font,-1,-1,-1
IN_VEHICLE,88,35,13,2,65,noImages,dark-theme,largeCards,large-font,-1,-1,-1
IN_VEHICLE,85,35,13,2,65,noImages,light-theme,xLargeCards,large-font,-2,-2,-2
STILL,111,35,13,2,65,noImages,light-theme,xLargeCards,large-font,-2,-2,-2
ON_FOOT,80,35,13,2,65,withImages,light-theme,gridView,small-font,0,0,0
IN_VEHICLE,87,35,13,2,65,withImages,light-theme,gridView,small-font,0,0,-1
ON_FOOT,88,35,13,2,65,noImages,dark-theme,xLargeCards,small-font,-2,-2,-2
ON_FOOT,83,35,13,2,64,noImages,dark-theme,xLargeCards,small-font,-2,-2,-2
IN_VEHICLE,91,35,14,2,64,noImages,light-theme,largeCards,small-font,-2,-1,-2
IN_VEHICLE,114,35,14,2,64,noImages,light-theme,largeCards,small-font,-1,-1,-2
IN_VEHICLE,72,35,14,2,64,withImages,dark-theme,xLargeCards,large-font,1,1,1
IN_VEHICLE,61,35,14,2,64,withImages,dark-theme,xLargeCards,large-font,1,2,1
IN_VEHICLE,90,35,14,2,64,noImages,light-theme,xLargeCards,small-font,-2,-1,-2
STILL,101,35,14,2,64,noImages,light-theme,xLargeCards,small-font,-2,-2,-1
STILL,88,35,14,2,64,noImages,dark-theme,xLargeCards,small-font,-2,-2,-2
IN_VEHICLE,57,35,14,2,64,noImages,dark-theme,xLargeCards,small-font,-1,-1,-1
IN_VEHICLE,51,35,14,2,64,noImages,dark-theme,largeCards,small-font,-1,-2,0
ON_FOOT,56,35,14,2,64,noImages,dark-theme,largeCards,small-font,-1,-1,-1
IN_VEHICLE,97,35,14,2,64,noImages,dark-theme,xLargeCards,small-font,-2,-2,-1
ON_FOOT,91,35,14,2,64,noImages,dark-theme,xLargeCards,small-font,-2,-2,-2
IN_VEHICLE,56,35,14,2,64,noImages,dark-theme,largeCards,small-font,-1,-1,-1
ON_FOOT,71,35,14,2,64,noImages,dark-theme,largeCards,small-font,-1,0,-1
ON_FOOT,34,35,14,2,63,withImages,light-theme,miniCards,large-font,1,1,1
ON_FOOT,99,35,14,2,63,withImages,light-theme,miniCards,large-font,1,1,2
ON_FOOT,86,35,14,2,63,noImages,dark-theme,largeCards,large-font,-1,0,-1
STILL,365,135,14,1,27,withImages,light-theme,miniCards,small-font,1,2,1
ON_FOOT,69,35,14,2,63,noImages,dark-theme,largeCards,large-font,-1,-1,-1
IN_VEHICLE,426,135,14,1,27,withImages,light-theme,miniCards,small-font,1,2,1
STILL,62,35,14,2,63,withImages,light-theme,xLargeCards,large-font,2,2,1
IN_VEHICLE,62,35,14,2,63,withImages,light-theme,xLargeCards,large-font,2,1,2
IN_VEHICLE,117,135,14,1,26,withImages,light-theme,xLargeCards,large-font,2,2,2
STILL,63,35,14,2,63,noImages,light-theme,largeCards,small-font,0,0,0
IN_VEHICLE,27,35,14,2,63,noImages,light-theme,largeCards,small-font,2,2,2
ON_FOOT,41,35,14,2,63,withImages,light-theme,miniCards,large-font,1,1,1
ON_FOOT,137,35,14,2,63,withImages,light-theme,miniCards,large-font,1,1,1
IN_VEHICLE,19,35,14,2,63,noImages,dark-theme,xLargeCards,small-font,-2,-2,-2
ON_FOOT,68,35,14,2,63,noImages,dark-theme,xLargeCards,small-font,-2,-2,-2
ON_FOOT,341,35,14,2,63,noImages,dark-theme,xLargeCards,small-font,-2,-2,-2
ON_FOOT,218,35,14,2,63,withImages,light-theme,xLargeCards,small-font,1,2,2
IN_VEHICLE,1587,135,14,1,24,withImages,light-theme,miniCards,small-font,1,1,1
STILL,184,35,14,2,63,withImages,light-theme,xLargeCards,small-font,1,2,1
IN_VEHICLE,888,135,14,1,24,withImages,light-theme,largeCards,small-font,2,2,2
IN_VEHICLE,315,35,14,2,62,noImages,light-theme,largeCards,small-font,-1,0,0
STILL,620,135,14,1,24,withImages,light-theme,largeCards,small-font,2,2,2
STILL,271,35,14,2,62,noImages,light-theme,largeCards,small-font,0,0,0
ON_FOOT,681,135,14,1,24,withImages,light-theme,largeCards,large-font,2,2,2
STILL,60,35,14,2,62,noImages,dark-theme,xLargeCards,small-font,-1,-2,-2
STILL,61,35,14,2,62,noImages,dark-theme,xLargeCards,small-font,-2,-2,-2
STILL,257,135,14,1,24,withImages,light-theme,largeCards,large-font,2,2,2
ON_FOOT,2659,35,14,2,62,withImages,light-theme,largeCards,large-font,2,2,2
STILL,229,135,14,1,23,withImages,light-theme,largeCards,small-font,2,2,2
ON_FOOT,348,135,14,1,22,withImages,light-theme,largeCards,small-font,2,2,1
STILL,790,90,14,2,61,withImages,light-theme,largeCards,small-font,1,1,1
ON_FOOT,2443,90,14,2,61,withImages,light-theme,largeCards,small-font,1,1,1
STILL,129,230,15,1,89,noImages,light-theme,xLargeCards,small-font,2,2,2
STILL,4,125,17,1,98,noImages,dark-theme,largeCards,large-font,0,0,1
STILL,13,230,17,1,64,noImages,dark-theme,largeCards,small-font,0,1,2
STILL,12,230,17,1,64,noImages,dark-theme,largeCards,small-font,1,0,1
STILL,13,230,17,1,63,withImages,light-theme,xLargeCards,large-font,1,0,1
STILL,13,230,17,1,63,withImages,light-theme,xLargeCards,large-font,0,1,-1
STILL,13,230,17,1,63,withImages,light-theme,largeCards,large-font,1,1,1
STILL,10,230,17,1,63,withImages,light-theme,largeCards,large-font,-1,2,0
STILL,4,125,17,1,94,noImages,dark-theme,largeCards,large-font,1,1,1
STILL,871,90,17,2,60,withImages,light-theme,largeCards,large-font,2,2,2
STILL,923,90,17,2,60,withImages,light-theme,largeCards,large-font,2,2,2
ON_FOOT,982,90,17,2,60,withImages,dark-theme,miniCards,small-font,-1,0,0
ON_FOOT,876,90,17,2,60,withImages,dark-theme,miniCards,small-font,-1,0,-1
STILL,789,90,17,2,60,withImages,light-theme,xLargeCards,large-font,1,1,1
STILL,865,90,17,2,60,withImages,light-theme,xLargeCards,large-font,2,2,2
IN_VEHICLE,13,90,19,2,53,withImages,light-theme,largeCards,large-font,2,2,2
IN_VEHICLE,19,90,19,2,53,withImages,light-theme,largeCards,large-font,2,2,2
IN_VEHICLE,14,90,19,2,50,withImages,dark-theme,miniCards,small-font,1,1,0
IN_VEHICLE,11,90,19,2,49,withImages,dark-theme,miniCards,small-font,1,1,1
STILL,0,90,20,2,32,withImages,dark-theme,largeCards,large-font,1,1,1
STILL,0,90,20,2,32,withImages,dark-theme,largeCards,large-font,1,1,2
STILL,0,90,20,2,31,withImages,dark-theme,largeCards,large-font,1,1,2
ON_FOOT,0,90,20,2,31,withImages,dark-theme,largeCards,large-font,2,2,2
ON_FOOT,0,90,20,2,31,withImages,dark-theme,xLargeCards,small-font,2,2,2
STILL,13,90,10,2,67,withImages,dark-theme,largeCards,large-font,2,1,1
STILL,13,90,10,2,67,withImages,dark-theme,largeCards,large-font,2,2,1
STILL,0,230,11,2,35,withImages,dark-theme,largeCards,small-font,2,2,2
STILL,0,230,11,2,35,withImages,dark-theme,largeCards,small-font,2,2,2
STILL,0,230,11,2,35,withImages,dark-theme,largeCards,small-font,2,2,2
STILL,0,230,11,2,35,withImages,dark-theme,largeCards,small-font,2,2,2
STILL,0,230,11,2,34,withImages,dark-theme,largeCards,small-font,2,2,2
STILL,0,230,11,2,34,withImages,dark-theme,largeCards,small-font,2,2,2
STILL,0,230,11,2,34,withImages,dark-theme,largeCards,small-font,2,2,2
STILL,0,230,11,2,34,withImages,dark-theme,largeCards,large-font,2,2,2
STILL,2,230,16,1,99,withImages,dark-theme,miniCards,small-font,2,2,2
STILL,8,230,16,1,97,withImages,dark-theme,miniCards,small-font,2,2,2
ON_FOOT,136,133,22,2,24,withImages,dark-theme,xLargeCards,small-font,2,2,2
ON_FOOT,107,115,23,2,17,withImages,light-theme,largeCards,small-font,2,2,2
ON_FOOT,93,115,23,2,16,withImages,light-theme,largeCards,small-font,1,1,1
STILL,0,90,0,2,36,withImages,light-theme,xLargeCards,small-font,2,2,1
STILL,0,90,0,2,35,withImages,light-theme,xLargeCards,small-font,2,2,1
STILL,0,90,0,2,35,withImages,light-theme,largeCards,small-font,2,2,2
STILL,0,90,0,2,35,withImages,light-theme,largeCards,small-font,0,1,2
STILL,178,230,4,0,49,withImages,dark-theme,miniCards,small-font,1,1,2
STILL,117,230,4,1,49,withImages,dark-theme,miniCards,small-font,2,0,2
STILL,117,230,4,1,48,withImages,light-theme,xLargeCards,small-font,2,1,0
STILL,19,230,4,1,48,withImages,light-theme,xLargeCards,small-font,1,0,1
ON_FOOT,0,40,13,2,88,withImages,light-theme,largeCards,large-font,1,1,2
STILL,87,230,16,1,40,withImages,light-theme,xLargeCards,large-font,1,2,1
STILL,14,125,16,1,67,noImages,light-theme,xLargeCards,large-font,0,1,1
STILL,61,230,16,0,38,withImages,light-theme,xLargeCards,large-font,2,1,0
STILL,61,230,16,0,38,noImages,dark-theme,xLargeCards,small-font,0,1,2
STILL,61,230,16,0,38,noImages,dark-theme,xLargeCards,small-font,0,1,2
STILL,59,230,16,0,38,noImages,dark-theme,xLargeCards,small-font,-1,1,2
ON_FOOT,18,125,16,1,65,noImages,light-theme,xLargeCards,large-font,0,1,1
STILL,17,105,17,2,71,withImages,light-theme,largeCards,small-font,2,2,1
ON_FOOT,20,87,17,2,71,withImages,light-theme,largeCards,small-font,1,2,1
STILL,2,77,17,2,78,withImages,light-theme,largeCards,small-font,1,1,2
STILL,1,77,17,2,78,withImages,light-theme,largeCards,small-font,2,1,2
STILL,1,77,17,2,77,withImages,light-theme,largeCards,small-font,1,2,2
ON_FOOT,72,255,18,2,94,noImages,light-theme,xLargeCards,small-font,1,1,1
ON_FOOT,221,255,18,2,93,withImages,light-theme,largeCards,small-font,1,1,1
ON_FOOT,174,255,18,2,93,withImages,light-theme,largeCards,small-font,1,1,1
STILL,102,230,20,1,100,withImages,dark-theme,miniCards,large-font,1,1,1
STILL,78,230,20,1,100,withImages,dark-theme,miniCards,large-font,1,1,0
STILL,71,230,20,1,100,withImages,light-theme,gridView,small-font,1,0,2
STILL,0,77,22,2,67,withImages,light-theme,xLargeCards,small-font,2,1,1
ON_FOOT,93,255,23,2,87,withImages,dark-theme,largeCards,large-font,1,1,1
ON_FOOT,99,255,23,2,86,withImages,dark-theme,gridView,small-font,1,1,1
ON_FOOT,115,255,23,2,86,withImages,dark-theme,miniCards,large-font,2,2,2
ON_FOOT,26,127,23,2,30,withImages,light-theme,largeCards,small-font,1,1,2
ON_FOOT,0,230,1,1,19,withImages,dark-theme,xLargeCards,large-font,2,2,2
ON_FOOT,0,230,1,1,19,withImages,dark-theme,xLargeCards,large-font,2,2,2
ON_FOOT,64,125,2,1,54,withImages,dark-theme,xLargeCards,small-font,1,1,1
STILL,0,125,2,1,53,withImages,dark-theme,xLargeCards,large-font,2,2,2
STILL,57,125,2,1,53,withImages,dark-theme,xLargeCards,large-font,2,2,2
STILL,55,125,2,1,53,noImages,dark-theme,largeCards,small-font,-1,-1,-1
ON_FOOT,11,125,2,1,53,withImages,dark-theme,largeCards,large-font,2,2,2
STILL,0,230,2,1,18,withImages,dark-theme,largeCards,large-font,2,2,2
STILL,0,230,2,1,18,withImages,dark-theme,largeCards,large-font,2,2,2
STILL,0,230,2,1,18,withImages,dark-theme,largeCards,small-font,2,2,2
STILL,0,230,2,1,18,withImages,dark-theme,largeCards,small-font,2,2,2
STILL,17,230,4,1,88,withImages,dark-theme,xLargeCards,small-font,1,0,2
STILL,17,230,4,1,88,withImages,dark-theme,xLargeCards,small-font,1,2,0
STILL,17,230,4,1,87,noImages,dark-theme,largeCards,large-font,1,1,1
STILL,0,230,10,1,1,withImages,dark-theme,largeCards,small-font,2,2,2
STILL,0,230,10,1,1,withImages,dark-theme,largeCards,small-font,2,2,2
STILL,0,230,10,1,1,withImages,dark-theme,miniCards,small-font,1,1,1
STILL,0,230,10,1,1,withImages,dark-theme,miniCards,small-font,1,1,1
STILL,103,77,11,2,26,withImages,light-theme,largeCards,large-font,2,2,1
STILL,88,77,11,2,26,withImages,light-theme,largeCards,large-font,2,2,2
STILL,93,77,11,2,26,withImages,light-theme,largeCards,small-font,2,2,1
STILL,137,230,4,1,47,withImages,light-theme,largeCards,large-font,1,0,2
STILL,33,77,11,2,46,withImages,light-theme,largeCards,large-font,2,2,1
STILL,38,77,11,2,46,withImages,light-theme,largeCards,large-font,1,2,1
STILL,35,77,11,2,45,withImages,light-theme,largeCards,large-font,1,2,2
ON_FOOT,270,34,12,2,36,withImages,dark-theme,largeCards,small-font,2,0,0
STILL,84,230,15,1,29,withImages,light-theme,largeCards,large-font,1,1,2
STILL,209,230,15,1,28,noImages,light-theme,largeCards,large-font,1,1,1
STILL,206,230,15,1,28,noImages,light-theme,largeCards,small-font,1,2,1
STILL,204,230,15,1,28,noImages,light-theme,largeCards,small-font,1,1,2
STILL,60,230,15,1,27,noImages,dark-theme,xLargeCards,small-font,2,2,2
STILL,86,230,17,1,13,noImages,dark-theme,xLargeCards,large-font,1,-1,2
STILL,90,230,17,1,13,withImages,dark-theme,xLargeCards,large-font,2,1,2
STILL,91,230,17,0,13,withImages,light-theme,xLargeCards,large-font,1,1,1
STILL,73,230,17,0,13,withImages,light-theme,xLargeCards,small-font,1,2,1
STILL,71,230,17,0,13,withImages,dark-theme,xLargeCards,small-font,0,1,2
STILL,71,230,17,0,13,withImages,dark-theme,xLargeCards,large-font,1,2,1
STILL,73,230,17,1,13,withImages,dark-theme,xLargeCards,large-font,2,2,2
STILL,142,230,4,1,78,noImages,light-theme,xLargeCards,large-font,1,1,1
STILL,142,230,4,1,78,withImages,light-theme,xLargeCards,large-font,2,1,2
STILL,141,230,4,1,78,withImages,light-theme,xLargeCards,large-font,0,1,0
STILL,140,230,4,1,78,withImages,light-theme,miniCards,large-font,0,1,0
STILL,48,230,4,1,77,withImages,dark-theme,miniCards,large-font,0,0,0
STILL,18,230,4,1,77,withImages,dark-theme,miniCards,small-font,1,1,1
STILL,27,230,4,1,77,withImages,dark-theme,largeCards,large-font,1,1,1
STILL,25,61,10,2,71,withImages,light-theme,largeCards,small-font,1,2,2
STILL,44,124,12,2,75,withImages,light-theme,gridView,small-font,2,2,2
ON_FOOT,15,255,23,2,47,withImages,light-theme,miniCards,large-font,2,2,2
ON_FOOT,13,255,23,2,47,withImages,light-theme,miniCards,large-font,2,2,2
STILL,20,125,1,1,49,withImages,dark-theme,miniCards,large-font,2,2,2
STILL,0,230,2,1,63,withImages,dark-theme,largeCards,large-font,2,2,2
STILL,0,230,2,1,63,withImages,dark-theme,largeCards,large-font,2,2,2
STILL,0,230,2,2,63,withImages,dark-theme,largeCards,large-font,2,2,2
STILL,0,230,2,2,63,withImages,dark-theme,largeCards,large-font,2,2,2
STILL,169,230,4,0,96,noImages,light-theme,xLargeCards,large-font,1,0,2
STILL,169,230,4,1,96,noImages,dark-theme,xLargeCards,large-font,-1,0,0
STILL,167,230,4,0,96,withImages,dark-theme,xLargeCards,large-font,1,1,1
STILL,167,230,4,0,95,withImages,light-theme,xLargeCards,large-font,1,1,1
STILL,167,230,4,0,95,withImages,dark-theme,xLargeCards,large-font,0,0,0
STILL,167,230,4,0,95,withImages,light-theme,xLargeCards,large-font,1,2,1
STILL,167,230,4,1,95,withImages,light-theme,xLargeCards,small-font,1,2,1
STILL,148,230,4,1,95,withImages,dark-theme,xLargeCards,small-font,2,1,2
STILL,4,124,9,1,20,withImages,light-theme,largeCards,large-font,2,2,2
STILL,16,124,9,1,20,withImages,light-theme,largeCards,large-font,2,2,2
STILL,4,124,9,1,20,withImages,dark-theme,xLargeCards,large-font,1,1,2
IN_VEHICLE,133,255,10,2,87,withImages,light-theme,gridView,small-font,-2,-2,-2
IN_VEHICLE,451,255,10,2,87,withImages,dark-theme,gridView,small-font,-2,-2,-2
IN_VEHICLE,391,255,10,2,87,withImages,dark-theme,miniCards,large-font,-2,-2,-2
IN_VEHICLE,384,255,10,2,87,withImages,dark-theme,largeCards,large-font,-2,-2,-2
ON_FOOT,431,255,10,2,87,withImages,dark-theme,miniCards,large-font,1,1,1
ON_FOOT,205,255,10,2,87,noImages,light-theme,xLargeCards,small-font,-2,-2,-2
ON_FOOT,192,255,10,2,86,noImages,dark-theme,xLargeCards,small-font,-2,-2,-2
ON_FOOT,192,255,10,2,86,withImages,dark-theme,xLargeCards,small-font,-2,-2,-2
ON_FOOT,185,255,10,2,86,noImages,dark-theme,xLargeCards,small-font,-2,-2,-2
ON_FOOT,199,255,10,2,86,noImages,dark-theme,xLargeCards,large-font,-2,-2,-2
ON_FOOT,384,255,10,2,86,withImages,dark-theme,xLargeCards,large-font,-2,-2,-2
STILL,470,255,10,2,86,withImages,dark-theme,largeCards,large-font,2,2,2
STILL,192,255,10,2,86,withImages,dark-theme,xLargeCards,small-font,-2,-2,-2
STILL,437,255,10,2,86,withImages,dark-theme,xLargeCards,large-font,-2,-2,-2
IN_VEHICLE,782,255,10,2,86,withImages,dark-theme,gridView,small-font,0,0,0
IN_VEHICLE,192,255,10,2,86,noImages,dark-theme,xLargeCards,large-font,-2,-2,-2
IN_VEHICLE,206,255,10,2,86,withImages,dark-theme,xLargeCards,large-font,-2,-2,-2
ON_FOOT,199,255,10,2,86,withImages,dark-theme,xLargeCards,small-font,-2,-2,-2
IN_VEHICLE,809,255,10,2,86,withImages,dark-theme,xLargeCards,large-font,-1,-1,-1
IN_VEHICLE,159,255,10,2,86,withImages,dark-theme,largeCards,large-font,-2,-2,-2
IN_VEHICLE,855,255,10,2,86,withImages,dark-theme,largeCards,small-font,-2,-2,-2
IN_VEHICLE,796,255,10,2,86,withImages,dark-theme,miniCards,small-font,1,0,1
IN_VEHICLE,650,255,10,2,86,withImages,dark-theme,xLargeCards,small-font,-2,-2,-2
IN_VEHICLE,782,255,10,2,85,withImages,dark-theme,largeCards,small-font,2,1,2
IN_VEHICLE,722,255,10,2,85,withImages,dark-theme,gridView,small-font,-2,-2,-2
IN_VEHICLE,616,255,10,2,85,withImages,dark-theme,xLargeCards,small-font,-2,-2,-2
IN_VEHICLE,517,255,10,2,85,withImages,dark-theme,miniCards,small-font,-2,-2,-2
IN_VEHICLE,132,255,10,2,85,withImages,dark-theme,xLargeCards,small-font,-2,-2,-2
IN_VEHICLE,119,255,10,2,85,withImages,dark-theme,xLargeCards,large-font,-2,-2,-2
IN_VEHICLE,146,255,10,2,85,withImages,dark-theme,xLargeCards,small-font,-2,-2,-2
IN_VEHICLE,146,255,10,2,85,withImages,dark-theme,xLargeCards,large-font,-2,-2,-2
IN_VEHICLE,683,255,10,2,85,withImages,dark-theme,xLargeCards,small-font,-1,-2,-1
IN_VEHICLE,212,255,10,2,85,withImages,light-theme,xLargeCards,large-font,-2,-2,-2
IN_VEHICLE,603,255,10,2,85,withImages,dark-theme,xLargeCards,large-font,-2,-2,-2
IN_VEHICLE,205,255,10,2,85,withImages,dark-theme,miniCards,large-font,-2,-2,-2
IN_VEHICLE,656,255,10,2,85,noImages,dark-theme,largeCards,large-font,-2,-2,-2
IN_VEHICLE,537,255,10,2,85,noImages,dark-theme,xLargeCards,large-font,-2,-2,-2
IN_VEHICLE,596,255,10,2,85,noImages,dark-theme,largeCards,large-font,-1,0,-1
IN_VEHICLE,159,255,10,2,85,withImages,dark-theme,miniCards,small-font,-2,-2,-2
IN_VEHICLE,517,255,10,2,85,noImages,dark-theme,xLargeCards,small-font,-2,-2,-2
IN_VEHICLE,577,255,10,2,84,noImages,dark-theme,largeCards,small-font,-1,-1,-1
IN_VEHICLE,126,255,10,2,84,withImages,dark-theme,largeCards,small-font,-2,-2,-2
IN_VEHICLE,616,255,10,2,84,noImages,dark-theme,largeCards,small-font,-2,-2,-2
IN_VEHICLE,186,255,10,2,84,noImages,dark-theme,xLargeCards,small-font,-2,-2,-2
IN_VEHICLE,179,255,10,2,84,noImages,dark-theme,xLargeCards,large-font,-2,-2,-2
IN_VEHICLE,603,255,11,2,84,noImages,dark-theme,xLargeCards,small-font,-2,-2,-2
IN_VEHICLE,212,255,11,2,84,withImages,light-theme,miniCards,large-font,-2,-2,-2
IN_VEHICLE,212,255,11,2,84,withImages,dark-theme,miniCards,large-font,-2,-2,-2
IN_VEHICLE,537,255,11,2,84,noImages,dark-theme,xLargeCards,large-font,-2,-1,-2
ON_FOOT,4,125,12,1,87,withImages,light-theme,miniCards,large-font,2,2,2
STILL,11,125,13,1,81,withImages,light-theme,largeCards,large-font,2,2,2
STILL,11,125,13,1,81,withImages,light-theme,largeCards,large-font,2,2,2
STILL,10,125,13,1,80,withImages,dark-theme,gridView,small-font,1,1,1
STILL,58,255,16,1,19,noImages,dark-theme,largeCards,small-font,1,1,1
STILL,3,125,15,1,44,withImages,light-theme,xLargeCards,large-font,1,1,1
STILL,5,125,15,1,46,withImages,light-theme,xLargeCards,large-font,1,1,1
STILL,12,125,19,1,76,withImages,light-theme,largeCards,small-font,2,2,2
STILL,14,125,19,2,76,withImages,light-theme,largeCards,small-font,2,2,2
STILL,142,230,19,0,33,withImages,dark-theme,xLargeCards,large-font,1,1,1
STILL,163,230,19,1,33,withImages,dark-theme,xLargeCards,large-font,1,1,1
STILL,160,230,19,1,33,withImages,light-theme,largeCards,large-font,2,2,2
STILL,115,230,19,1,32,withImages,dark-theme,largeCards,large-font,1,1,1
STILL,53,230,19,1,32,withImages,dark-theme,largeCards,small-font,2,2,2
STILL,178,230,19,1,32,withImages,dark-theme,largeCards,small-font,2,2,2
STILL,186,230,19,1,32,withImages,light-theme,miniCards,large-font,1,1,1
STILL,3,209,20,1,22,noImages,light-theme,largeCards,small-font,2,2,2
STILL,166,230,5,1,26,noImages,dark-theme,largeCards,small-font,1,1,1
STILL,164,230,6,1,26,withImages,light-theme,miniCards,large-font,1,2,1
STILL,95,230,6,1,25,withImages,light-theme,miniCards,large-font,2,1,2
STILL,149,230,6,1,23,withImages,light-theme,largeCards,large-font,1,2,1
STILL,195,230,6,1,23,withImages,dark-theme,largeCards,large-font,2,1,2
STILL,194,230,6,1,23,withImages,dark-theme,largeCards,large-font,2,1,2
STILL,174,230,6,1,23,withImages,dark-theme,xLargeCards,large-font,0,0,0
STILL,174,230,6,1,22,withImages,dark-theme,xLargeCards,large-font,2,1,2
STILL,174,230,6,1,22,noImages,light-theme,largeCards,large-font,2,2,2
STILL,175,230,6,1,22,noImages,light-theme,largeCards,large-font,2,1,2
STILL,186,230,6,1,21,withImages,dark-theme,largeCards,large-font,1,2,1
ON_FOOT,23,98,9,2,87,withImages,dark-theme,largeCards,large-font,1,1,1
STILL,148,61,13,2,70,withImages,light-theme,largeCards,small-font,2,1,2
STILL,85,61,13,2,70,withImages,light-theme,largeCards,small-font,1,1,2
STILL,87,61,13,2,71,withImages,light-theme,largeCards,small-font,2,1,2
STILL,54,125,14,1,84,withImages,light-theme,miniCards,large-font,2,2,2
STILL,234,230,14,0,46,withImages,dark-theme,largeCards,small-font,1,2,1
STILL,229,230,14,0,46,withImages,light-theme,largeCards,small-font,0,1,0
STILL,25,230,14,1,46,withImages,light-theme,largeCards,large-font,2,2,2
STILL,157,230,14,0,46,withImages,light-theme,largeCards,small-font,1,2,1
STILL,155,230,14,1,46,withImages,light-theme,largeCards,small-font,0,0,2
STILL,155,230,14,0,46,withImages,dark-theme,miniCards,large-font,2,2,2
STILL,6,125,14,1,77,withImages,light-theme,miniCards,large-font,2,2,2
STILL,102,230,11,1,45,withImages,light-theme,largeCards,small-font,2,2,2
STILL,102,230,11,1,45,withImages,light-theme,largeCards,small-font,2,2,2
STILL,15,230,15,1,62,withImages,light-theme,largeCards,large-font,1,2,1
STILL,16,230,15,1,62,withImages,dark-theme,largeCards,large-font,1,2,1
STILL,15,230,15,0,62,withImages,dark-theme,largeCards,small-font,2,1,2
STILL,15,230,15,1,62,withImages,dark-theme,largeCards,large-font,1,2,1
STILL,13,230,15,1,62,withImages,dark-theme,largeCards,large-font,2,2,2
STILL,14,230,15,1,61,noImages,light-theme,largeCards,large-font,2,1,2
STILL,12,230,15,0,61,noImages,dark-theme,largeCards,large-font,2,2,2
STILL,13,230,15,0,61,withImages,dark-theme,largeCards,large-font,0,0,0
STILL,15,230,15,0,61,noImages,dark-theme,largeCards,large-font,2,2,2
STILL,14,230,15,0,61,noImages,dark-theme,largeCards,large-font,2,2,2
STILL,13,230,15,1,60,noImages,dark-theme,largeCards,small-font,1,1,1
STILL,15,230,15,1,60,noImages,dark-theme,largeCards,small-font,2,2,2
STILL,15,230,15,1,59,withImages,light-theme,xLargeCards,small-font,2,2,2
ON_FOOT,44,125,1,2,46,withImages,dark-theme,xLargeCards,large-font,2,2,2
STILL,3887,111,15,2,100,withImages,light-theme,gridView,small-font,2,2,2
STILL,16,46,19,2,98,withImages,dark-theme,largeCards,small-font,1,2,1
STILL,85,125,1,1,19,withImages,dark-theme,miniCards,large-font,2,2,2
STILL,109,125,1,1,18,withImages,dark-theme,miniCards,large-font,2,2,2
STILL,84,125,1,1,18,withImages,dark-theme,largeCards,large-font,2,2,2
STILL,39,230,15,1,26,withImages,dark-theme,miniCards,large-font,1,1,1
STILL,2,125,15,1,63,withImages,light-theme,largeCards,large-font,2,2,2
STILL,2,125,15,1,62,withImages,light-theme,largeCards,large-font,2,2,2
STILL,23,230,15,1,24,noImages,light-theme,xLargeCards,large-font,2,2,2
STILL,21,230,15,0,24,withImages,light-theme,xLargeCards,large-font,2,2,2
STILL,20,230,15,0,24,withImages,light-theme,xLargeCards,small-font,1,1,1
STILL,0,53,23,2,8,withImages,light-theme,largeCards,large-font,0,1,1
STILL,0,53,23,2,9,withImages,light-theme,largeCards,large-font,0,1,0
STILL,66,125,1,1,46,withImages,dark-theme,largeCards,large-font,2,2,2
STILL,52,125,1,1,45,withImages,dark-theme,largeCards,large-font,2,2,2
STILL,102,230,4,1,77,noImages,dark-theme,xLargeCards,small-font,2,2,2
STILL,80,230,4,1,77,withImages,dark-theme,xLargeCards,small-font,2,1,2
STILL,125,230,4,1,76,withImages,dark-theme,xLargeCards,large-font,1,1,1
STILL,67,230,4,1,75,withImages,dark-theme,xLargeCards,large-font,1,1,2
STILL,14,125,14,1,71,withImages,light-theme,largeCards,large-font,2,2,2
STILL,0,53,22,2,65,withImages,dark-theme,largeCards,large-font,1,2,2
STILL,0,53,22,2,65,withImages,dark-theme,largeCards,large-font,1,2,2
STILL,0,53,22,2,64,withImages,dark-theme,largeCards,small-font,1,1,1
STILL,0,53,22,2,64,withImages,dark-theme,largeCards,small-font,1,2,1
STILL,0,53,22,2,64,withImages,light-theme,largeCards,small-font,1,1,1
STILL,0,53,22,2,64,withImages,light-theme,largeCards,small-font,1,1,1
STILL,0,230,10,1,1,withImages,dark-theme,largeCards,small-font,2,2,2
STILL,0,230,10,1,1,withImages,dark-theme,largeCards,small-font,2,2,2
STILL,0,230,10,1,1,withImages,dark-theme,largeCards,small-font,2,2,2
STILL,0,230,10,1,1,withImages,dark-theme,largeCards,small-font,2,2,2
STILL,39,125,2,1,39,withImages,dark-theme,largeCards,small-font,2,2,2
STILL,46,125,2,1,39,withImages,dark-theme,largeCards,small-font,2,2,2
STILL,8,47,9,2,67,withImages,light-theme,largeCards,large-font,1,2,2
STILL,9,47,9,2,67,withImages,light-theme,largeCards,large-font,1,2,1
STILL,10,47,9,2,67,withImages,dark-theme,largeCards,large-font,1,0,0
STILL,16,125,13,1,60,withImages,light-theme,largeCards,large-font,2,2,2
STILL,16,125,13,1,60,withImages,light-theme,largeCards,large-font,2,2,2
ON_FOOT,855,147,16,2,87,withImages,light-theme,gridView,small-font,-2,-2,-2
ON_FOOT,829,147,16,2,87,withImages,light-theme,miniCards,small-font,-2,-2,-2
ON_FOOT,318,147,16,2,87,withImages,light-theme,xLargeCards,small-font,-2,-2,-2
ON_FOOT,782,147,16,2,87,withImages,dark-theme,xLargeCards,small-font,-2,-2,-2
ON_FOOT,192,147,16,2,87,withImages,dark-theme,largeCards,small-font,-2,-2,-2
IN_VEHICLE,875,147,16,2,87,withImages,dark-theme,largeCards,large-font,2,2,2
IN_VEHICLE,921,147,16,2,87,withImages,dark-theme,xLargeCards,small-font,-2,-2,-2
IN_VEHICLE,835,147,16,2,87,withImages,dark-theme,gridView,small-font,-2,-2,-2
IN_VEHICLE,928,147,16,2,87,withImages,dark-theme,miniCards,small-font,-2,-2,-2
IN_VEHICLE,935,147,16,2,87,withImages,dark-theme,xLargeCards,small-font,-2,-2,-2
IN_VEHICLE,351,147,16,2,87,withImages,dark-theme,miniCards,small-font,-2,-2,-2
ON_FOOT,961,147,16,2,87,withImages,dark-theme,miniCards,large-font,1,1,1
ON_FOOT,126,147,16,2,87,noImages,light-theme,xLargeCards,large-font,-2,-2,-2
ON_FOOT,198,147,16,2,87,withImages,light-theme,xLargeCards,large-font,-2,-2,-2
ON_FOOT,378,147,16,2,87,noImages,light-theme,xLargeCards,large-font,-2,-2,-2
ON_FOOT,285,147,16,2,87,withImages,light-theme,xLargeCards,large-font,-2,-2,-2
ON_FOOT,53,147,16,2,87,withImages,dark-theme,xLargeCards,large-font,-2,-2,-2
ON_FOOT,59,147,16,2,87,withImages,dark-theme,xLargeCards,small-font,-2,-2,-2
ON_FOOT,1054,147,16,2,87,withImages,dark-theme,xLargeCards,large-font,-2,-2,-2
ON_FOOT,576,147,16,2,87,withImages,dark-theme,gridView,small-font,0,0,0
ON_FOOT,736,147,16,2,87,withImages,dark-theme,gridView,small-font,-2,-2,-2
ON_FOOT,1346,147,16,2,87,withImages,dark-theme,xLargeCards,small-font,-1,-1,-1
ON_FOOT,1286,147,16,2,87,withImages,dark-theme,gridView,small-font,-2,-2,-2
IN_VEHICLE,417,147,16,2,87,withImages,dark-theme,largeCards,small-font,2,1,2
IN_VEHICLE,245,147,16,2,87,withImages,light-theme,gridView,small-font,-2,-2,-2
IN_VEHICLE,722,147,16,2,87,withImages,dark-theme,gridView,small-font,-2,-2,-2
IN_VEHICLE,106,147,16,2,87,withImages,dark-theme,miniCards,small-font,-2,-2,-2
IN_VEHICLE,185,147,16,2,87,withImages,dark-theme,miniCards,large-font,-2,-2,-2
IN_VEHICLE,656,147,16,2,87,withImages,dark-theme,miniCards,small-font,1,0,1
IN_VEHICLE,179,147,16,2,87,withImages,dark-theme,gridView,small-font,-2,-2,-2
IN_VEHICLE,629,147,16,2,87,noImages,dark-theme,largeCards,small-font,-2,-2,-2
IN_VEHICLE,583,147,16,2,87,noImages,dark-theme,xLargeCards,small-font,-2,-2,-2
IN_VEHICLE,630,147,16,2,87,noImages,dark-theme,largeCards,small-font,-2,-2,-2
IN_VEHICLE,590,147,16,2,87,noImages,dark-theme,xLargeCards,small-font,-2,-2,-2
IN_VEHICLE,258,147,16,2,87,noImages,dark-theme,largeCards,small-font,0,-1,0
IN_VEHICLE,523,147,16,2,87,noImages,dark-theme,xLargeCards,small-font,-2,-2,-2
IN_VEHICLE,165,147,16,2,87,noImages,dark-theme,largeCards,small-font,-2,-2,-2
IN_VEHICLE,663,147,16,2,87,noImages,dark-theme,largeCards,large-font,0,0,0
IN_VEHICLE,72,147,16,2,87,noImages,light-theme,xLargeCards,large-font,-2,-2,-2
IN_VEHICLE,72,147,16,2,87,withImages,light-theme,xLargeCards,large-font,-2,-2,-2
IN_VEHICLE,145,147,16,2,87,noImages,light-theme,xLargeCards,large-font,-2,-2,-2
IN_VEHICLE,603,147,16,2,87,noImages,dark-theme,xLargeCards,large-font,-1,-1,-1
IN_VEHICLE,198,147,16,2,87,noImages,light-theme,xLargeCards,small-font,-2,-2,-2
IN_VEHICLE,437,147,16,2,87,noImages,dark-theme,xLargeCards,small-font,-1,-2,-1
IN_VEHICLE,669,147,16,2,87,noImages,light-theme,largeCards,large-font,-2,-2,-2
IN_VEHICLE,669,147,16,2,87,noImages,light-theme,xLargeCards,large-font,-2,-2,-2
IN_VEHICLE,232,147,16,2,87,noImages,light-theme,largeCards,large-font,-2,-2,-2
IN_VEHICLE,232,147,16,2,87,noImages,dark-theme,largeCards,large-font,-2,-2,-2
ON_FOOT,663,147,16,2,87,noImages,light-theme,largeCards,large-font,1,1,1
ON_FOOT,172,147,16,2,87,noImages,dark-theme,largeCards,small-font,-2,-2,-2
ON_FOOT,119,147,16,2,87,noImages,light-theme,largeCards,small-font,-2,-2,-2
ON_FOOT,179,147,16,2,87,noImages,light-theme,largeCards,large-font,-2,-2,-2
ON_FOOT,298,147,16,2,86,noImages,light-theme,largeCards,small-font,1,0,1
ON_FOOT,324,147,16,2,86,noImages,light-theme,largeCards,small-font,-2,-2,-2
ON_FOOT,92,147,16,2,86,noImages,light-theme,xLargeCards,small-font,-2,-2,-2
ON_FOOT,39,147,16,2,86,noImages,light-theme,xLargeCards,large-font,-1,-2,-1
STILL,8,125,17,1,51,withImages,light-theme,largeCards,large-font,2,2,2
STILL,7,125,17,1,50,withImages,light-theme,largeCards,large-font,2,2,2
STILL,36,230,7,1,47,noImages,light-theme,largeCards,small-font,2,1,2
STILL,34,230,7,1,47,withImages,light-theme,largeCards,small-font,1,1,1
STILL,37,230,7,1,45,withImages,light-theme,largeCards,small-font,2,2,2
STILL,37,230,7,1,45,noImages,light-theme,xLargeCards,small-font,2,2,2
STILL,37,230,7,1,45,noImages,dark-theme,xLargeCards,small-font,1,1,1
STILL,37,230,7,1,45,noImages,dark-theme,xLargeCards,small-font,2,2,2
STILL,37,230,7,1,44,noImages,light-theme,largeCards,small-font,1,1,1
STILL,37,230,7,1,44,withImages,light-theme,largeCards,small-font,2,2,2
STILL,39,230,7,1,44,withImages,light-theme,largeCards,small-font,1,1,1
STILL,37,230,7,1,44,noImages,light-theme,xLargeCards,large-font,0,1,0
STILL,10,47,9,2,31,withImages,light-theme,largeCards,small-font,2,2,2
STILL,10,47,9,2,31,withImages,light-theme,largeCards,small-font,1,1,2
ON_FOOT,3563,230,10,1,29,withImages,light-theme,xLargeCards,large-font,2,2,2
ON_FOOT,5849,230,10,1,29,withImages,light-theme,xLargeCards,large-font,2,2,2
STILL,4435,230,10,1,29,withImages,light-theme,xLargeCards,large-font,2,2,2
ON_FOOT,3037,230,10,1,28,withImages,light-theme,xLargeCards,large-font,2,2,2
STILL,10,125,13,1,95,withImages,light-theme,largeCards,large-font,2,2,2
STILL,6,125,13,1,94,withImages,light-theme,largeCards,large-font,2,2,2
STILL,12,125,13,1,94,withImages,dark-theme,largeCards,large-font,2,2,2
STILL,6,125,13,1,94,withImages,dark-theme,largeCards,large-font,2,2,2
STILL,24,125,13,1,93,withImages,light-theme,largeCards,large-font,2,2,2
STILL,4,125,13,1,93,withImages,light-theme,largeCards,large-font,2,2,2
STILL,15,125,13,1,93,withImages,light-theme,largeCards,large-font,2,2,2
STILL,59,125,2,1,69,withImages,dark-theme,gridView,small-font,1,1,1
STILL,111,125,16,1,57,withImages,light-theme,largeCards,large-font,2,2,2
STILL,103,125,16,1,56,withImages,light-theme,largeCards,large-font,2,2,2
STILL,296,230,16,0,57,withImages,dark-theme,xLargeCards,small-font,1,2,1
STILL,132,230,16,1,55,withImages,dark-theme,xLargeCards,large-font,2,2,2
STILL,253,230,16,1,54,noImages,dark-theme,xLargeCards,large-font,1,1,1
STILL,205,230,16,1,53,noImages,light-theme,xLargeCards,large-font,1,2,1
STILL,200,230,16,0,52,noImages,light-theme,xLargeCards,small-font,1,2,1
STILL,0,47,0,2,75,withImages,dark-theme,largeCards,large-font,2,1,2
STILL,132,230,4,1,97,withImages,light-theme,xLargeCards,small-font,1,1,1
STILL,139,230,4,0,95,withImages,light-theme,xLargeCards,large-font,1,2,1
STILL,139,230,4,1,94,withImages,light-theme,xLargeCards,large-font,2,2,2
STILL,0,230,10,1,28,withImages,dark-theme,largeCards,large-font,2,2,2
STILL,0,230,10,1,28,withImages,dark-theme,largeCards,large-font,2,2,2
STILL,23,125,13,1,91,withImages,light-theme,gridView,small-font,1,1,1
STILL,19,125,13,1,91,withImages,light-theme,largeCards,large-font,2,2,2
STILL,22,125,13,1,90,withImages,light-theme,largeCards,large-font,2,2,2
STILL,303,102,15,2,75,withImages,light-theme,largeCards,small-font,2,2,2
STILL,276,102,15,2,75,withImages,light-theme,largeCards,small-font,1,1,2
STILL,351,102,15,2,75,withImages,light-theme,largeCards,large-font,2,1,1
STILL,336,102,15,2,75,withImages,light-theme,largeCards,large-font,1,2,2
STILL,21,230,4,1,34,noImages,dark-theme,xLargeCards,large-font,1,2,1
STILL,22,230,4,1,34,noImages,dark-theme,xLargeCards,large-font,2,2,1
STILL,22,230,4,1,33,noImages,light-theme,largeCards,large-font,2,2,2
STILL,7904,230,11,1,76,withImages,light-theme,xLargeCards,large-font,2,2,2
ON_FOOT,6487,230,11,1,75,withImages,light-theme,xLargeCards,large-font,2,2,2
ON_FOOT,9753,230,11,1,75,withImages,light-theme,xLargeCards,small-font,2,2,2
ON_FOOT,8249,230,11,1,75,withImages,light-theme,xLargeCards,large-font,2,2,2
ON_FOOT,5588,230,11,1,74,withImages,light-theme,xLargeCards,large-font,2,2,2
ON_FOOT,9637,230,11,1,74,withImages,light-theme,xLargeCards,large-font,2,2,2
ON_FOOT,6813,230,11,1,74,withImages,light-theme,xLargeCards,large-font,2,2,2
STILL,0,157,19,1,29,noImages,dark-theme,largeCards,large-font,2,2,2
STILL,0,157,19,1,29,withImages,dark-theme,largeCards,small-font,2,2,2
STILL,0,157,19,1,29,withImages,dark-theme,largeCards,small-font,2,2,2
STILL,0,230,10,1,36,withImages,dark-theme,largeCards,small-font,2,2,2
STILL,0,230,10,1,36,withImages,dark-theme,largeCards,small-font,2,2,2
STILL,0,230,10,1,36,withImages,dark-theme,largeCards,small-font,2,2,2
STILL,0,230,10,1,35,withImages,dark-theme,largeCards,small-font,2,2,2
STILL,0,41,18,2,44,withImages,dark-theme,largeCards,small-font,1,2,1
ON_FOOT,18,63,10,2,18,withImages,light-theme,largeCards,large-font,2,2,2
STILL,18,63,10,2,18,withImages,light-theme,largeCards,large-font,2,1,2
ON_FOOT,47,125,17,1,86,withImages,light-theme,largeCards,large-font,2,2,2
STILL,74,125,18,1,69,withImages,light-theme,largeCards,large-font,2,2,2
STILL,91,125,18,1,69,withImages,light-theme,largeCards,large-font,2,2,2
ON_FOOT,78,125,18,1,68,withImages,light-theme,largeCards,large-font,2,2,2
ON_FOOT,74,125,18,1,68,withImages,light-theme,largeCards,large-font,2,2,2
STILL,17,43,13,2,100,withImages,dark-theme,xLargeCards,small-font,1,0,0
STILL,13,43,13,2,100,withImages,dark-theme,largeCards,small-font,1,1,1
STILL,188,125,16,1,90,withImages,light-theme,miniCards,large-font,2,2,2
